"Name","URI","Region GSS code","Period","Sales volume","Reporting period","Average price All property types","Average price Detached houses","Average price Semi-detached houses","Average price Terraced houses","Average price Flats and maisonettes","Pivotable date"
United Kingdom,http://landregistry.data.gov.uk/id/region/united-kingdom,K02000001,1989-01,,quarterly,56615,,,,,1989-01-01
United Kingdom,http://landregistry.data.gov.uk/id/region/united-kingdom,K02000001,1989-02,,quarterly,56615,,,,,1989-02-01
United Kingdom,http://landregistry.data.gov.uk/id/region/united-kingdom,K02000001,1989-03,,quarterly,56615,,,,,1989-03-01
United Kingdom,http://landregistry.data.gov.uk/id/region/united-kingdom,K02000001,1989-04,,quarterly,58658,,,,,1989-04-01
United Kingdom,http://landregistry.data.gov.uk/id/region/united-kingdom,K02000001,1989-05,,quarterly,58658,,,,,1989-05-01
United Kingdom,http://landregistry.data.gov.uk/id/region/united-kingdom,K02000001,1989-06,,quarterly,58658,,,,,1989-06-01
United Kingdom,http://landregistry.data.gov.uk/id/region/united-kingdom,K02000001,1989-07,,quarterly,60701,,,,,1989-07-01
United Kingdom,http://landregistry.data.gov.uk/id/region/united-kingdom,K02000001,1989-08,,quarterly,60701,,,,,1989-08-01
United Kingdom,http://landregistry.data.gov.uk/id/region/united-kingdom,K02000001,1989-09,,quarterly,60701,,,,,1989-09-01
United Kingdom,http://landregistry.data.gov.uk/id/region/united-kingdom,K02000001,1989-10,,quarterly,59533,,,,,1989-10-01
United Kingdom,http://landregistry.data.gov.uk/id/region/united-kingdom,K02000001,1989-11,,quarterly,59533,,,,,1989-11-01
United Kingdom,http://landregistry.data.gov.uk/id/region/united-kingdom,K02000001,1989-12,,quarterly,59533,,,,,1989-12-01
United Kingdom,http://landregistry.data.gov.uk/id/region/united-kingdom,K02000001,1990-01,,quarterly,58250,,,,,1990-01-01
United Kingdom,http://landregistry.data.gov.uk/id/region/united-kingdom,K02000001,1990-02,,quarterly,58250,,,,,1990-02-01
United Kingdom,http://landregistry.data.gov.uk/id/region/united-kingdom,K02000001,1990-03,,quarterly,58250,,,,,1990-03-01
United Kingdom,http://landregistry.data.gov.uk/id/region/united-kingdom,K02000001,1990-04,,quarterly,57726,,,,,1990-04-01
United Kingdom,http://landregistry.data.gov.uk/id/region/united-kingdom,K02000001,1990-05,,quarterly,57726,,,,,1990-05-01
United Kingdom,http://landregistry.data.gov.uk/id/region/united-kingdom,K02000001,1990-06,,quarterly,57726,,,,,1990-06-01
United Kingdom,http://landregistry.data.gov.uk/id/region/united-kingdom,K02000001,1990-07,,quarterly,58773,,,,,1990-07-01
United Kingdom,http://landregistry.data.gov.uk/id/region/united-kingdom,K02000001,1990-08,,quarterly,58773,,,,,1990-08-01
United Kingdom,http://landregistry.data.gov.uk/id/region/united-kingdom,K02000001,1990-09,,quarterly,58773,,,,,1990-09-01
United Kingdom,http://landregistry.data.gov.uk/id/region/united-kingdom,K02000001,1990-10,,quarterly,57901,,,,,1990-10-01
United Kingdom,http://landregistry.data.gov.uk/id/region/united-kingdom,K02000001,1990-11,,quarterly,57901,,,,,1990-11-01
United Kingdom,http://landregistry.data.gov.uk/id/region/united-kingdom,K02000001,1990-12,,quarterly,57901,,,,,1990-12-01
United Kingdom,http://landregistry.data.gov.uk/id/region/united-kingdom,K02000001,1991-01,,quarterly,57086,,,,,1991-01-01
United Kingdom,http://landregistry.data.gov.uk/id/region/united-kingdom,K02000001,1991-02,,quarterly,57086,,,,,1991-02-01
United Kingdom,http://landregistry.data.gov.uk/id/region/united-kingdom,K02000001,1991-03,,quarterly,57086,,,,,1991-03-01
United Kingdom,http://landregistry.data.gov.uk/id/region/united-kingdom,K02000001,1991-04,,quarterly,56853,,,,,1991-04-01
United Kingdom,http://landregistry.data.gov.uk/id/region/united-kingdom,K02000001,1991-05,,quarterly,56853,,,,,1991-05-01
United Kingdom,http://landregistry.data.gov.uk/id/region/united-kingdom,K02000001,1991-06,,quarterly,56853,,,,,1991-06-01
United Kingdom,http://landregistry.data.gov.uk/id/region/united-kingdom,K02000001,1991-07,,quarterly,57959,,,,,1991-07-01
United Kingdom,http://landregistry.data.gov.uk/id/region/united-kingdom,K02000001,1991-08,,quarterly,57959,,,,,1991-08-01
United Kingdom,http://landregistry.data.gov.uk/id/region/united-kingdom,K02000001,1991-09,,quarterly,57959,,,,,1991-09-01
United Kingdom,http://landregistry.data.gov.uk/id/region/united-kingdom,K02000001,1991-10,,quarterly,57435,,,,,1991-10-01
United Kingdom,http://landregistry.data.gov.uk/id/region/united-kingdom,K02000001,1991-11,,quarterly,57435,,,,,1991-11-01
United Kingdom,http://landregistry.data.gov.uk/id/region/united-kingdom,K02000001,1991-12,,quarterly,57435,,,,,1991-12-01
United Kingdom,http://landregistry.data.gov.uk/id/region/united-kingdom,K02000001,1992-01,,quarterly,56504,,,,,1992-01-01
United Kingdom,http://landregistry.data.gov.uk/id/region/united-kingdom,K02000001,1992-02,,quarterly,56504,,,,,1992-02-01
United Kingdom,http://landregistry.data.gov.uk/id/region/united-kingdom,K02000001,1992-03,,quarterly,56504,,,,,1992-03-01
United Kingdom,http://landregistry.data.gov.uk/id/region/united-kingdom,K02000001,1992-04,,quarterly,55166,,,,,1992-04-01
United Kingdom,http://landregistry.data.gov.uk/id/region/united-kingdom,K02000001,1992-05,,quarterly,55166,,,,,1992-05-01
United Kingdom,http://landregistry.data.gov.uk/id/region/united-kingdom,K02000001,1992-06,,quarterly,55166,,,,,1992-06-01
United Kingdom,http://landregistry.data.gov.uk/id/region/united-kingdom,K02000001,1992-07,,quarterly,55328,,,,,1992-07-01
United Kingdom,http://landregistry.data.gov.uk/id/region/united-kingdom,K02000001,1992-08,,quarterly,55328,,,,,1992-08-01
United Kingdom,http://landregistry.data.gov.uk/id/region/united-kingdom,K02000001,1992-09,,quarterly,55328,,,,,1992-09-01
United Kingdom,http://landregistry.data.gov.uk/id/region/united-kingdom,K02000001,1992-10,,quarterly,53213,,,,,1992-10-01
United Kingdom,http://landregistry.data.gov.uk/id/region/united-kingdom,K02000001,1992-11,,quarterly,53213,,,,,1992-11-01
United Kingdom,http://landregistry.data.gov.uk/id/region/united-kingdom,K02000001,1992-12,,quarterly,53213,,,,,1992-12-01
United Kingdom,http://landregistry.data.gov.uk/id/region/united-kingdom,K02000001,1993-01,,quarterly,53484,,,,,1993-01-01
United Kingdom,http://landregistry.data.gov.uk/id/region/united-kingdom,K02000001,1993-02,,quarterly,53484,,,,,1993-02-01
United Kingdom,http://landregistry.data.gov.uk/id/region/united-kingdom,K02000001,1993-03,,quarterly,53484,,,,,1993-03-01
United Kingdom,http://landregistry.data.gov.uk/id/region/united-kingdom,K02000001,1993-04,,quarterly,53918,,,,,1993-04-01
United Kingdom,http://landregistry.data.gov.uk/id/region/united-kingdom,K02000001,1993-05,,quarterly,53918,,,,,1993-05-01
United Kingdom,http://landregistry.data.gov.uk/id/region/united-kingdom,K02000001,1993-06,,quarterly,53918,,,,,1993-06-01
United Kingdom,http://landregistry.data.gov.uk/id/region/united-kingdom,K02000001,1993-07,,quarterly,55057,,,,,1993-07-01
United Kingdom,http://landregistry.data.gov.uk/id/region/united-kingdom,K02000001,1993-08,,quarterly,55057,,,,,1993-08-01
United Kingdom,http://landregistry.data.gov.uk/id/region/united-kingdom,K02000001,1993-09,,quarterly,55057,,,,,1993-09-01
United Kingdom,http://landregistry.data.gov.uk/id/region/united-kingdom,K02000001,1993-10,,quarterly,54026,,,,,1993-10-01
United Kingdom,http://landregistry.data.gov.uk/id/region/united-kingdom,K02000001,1993-11,,quarterly,54026,,,,,1993-11-01
United Kingdom,http://landregistry.data.gov.uk/id/region/united-kingdom,K02000001,1993-12,,quarterly,54026,,,,,1993-12-01
United Kingdom,http://landregistry.data.gov.uk/id/region/united-kingdom,K02000001,1994-01,,quarterly,54623,,,,,1994-01-01
United Kingdom,http://landregistry.data.gov.uk/id/region/united-kingdom,K02000001,1994-02,,quarterly,54623,,,,,1994-02-01
United Kingdom,http://landregistry.data.gov.uk/id/region/united-kingdom,K02000001,1994-03,,quarterly,54623,,,,,1994-03-01
United Kingdom,http://landregistry.data.gov.uk/id/region/united-kingdom,K02000001,1994-04,,quarterly,55383,,,,,1994-04-01
United Kingdom,http://landregistry.data.gov.uk/id/region/united-kingdom,K02000001,1994-05,,quarterly,55383,,,,,1994-05-01
United Kingdom,http://landregistry.data.gov.uk/id/region/united-kingdom,K02000001,1994-06,,quarterly,55383,,,,,1994-06-01
United Kingdom,http://landregistry.data.gov.uk/id/region/united-kingdom,K02000001,1994-07,,quarterly,56305,,,,,1994-07-01
United Kingdom,http://landregistry.data.gov.uk/id/region/united-kingdom,K02000001,1994-08,,quarterly,56305,,,,,1994-08-01
United Kingdom,http://landregistry.data.gov.uk/id/region/united-kingdom,K02000001,1994-09,,quarterly,56305,,,,,1994-09-01
United Kingdom,http://landregistry.data.gov.uk/id/region/united-kingdom,K02000001,1994-10,,quarterly,55925,,,,,1994-10-01
United Kingdom,http://landregistry.data.gov.uk/id/region/united-kingdom,K02000001,1994-11,,quarterly,55925,,,,,1994-11-01
United Kingdom,http://landregistry.data.gov.uk/id/region/united-kingdom,K02000001,1994-12,,quarterly,55925,,,,,1994-12-01
United Kingdom,http://landregistry.data.gov.uk/id/region/united-kingdom,K02000001,1995-01,,quarterly,55437,,,,,1995-01-01
United Kingdom,http://landregistry.data.gov.uk/id/region/united-kingdom,K02000001,1995-02,,quarterly,55437,,,,,1995-02-01
United Kingdom,http://landregistry.data.gov.uk/id/region/united-kingdom,K02000001,1995-03,,quarterly,55437,,,,,1995-03-01
United Kingdom,http://landregistry.data.gov.uk/id/region/united-kingdom,K02000001,1995-04,,quarterly,56033,,,,,1995-04-01
United Kingdom,http://landregistry.data.gov.uk/id/region/united-kingdom,K02000001,1995-05,,quarterly,56033,,,,,1995-05-01
United Kingdom,http://landregistry.data.gov.uk/id/region/united-kingdom,K02000001,1995-06,,quarterly,56033,,,,,1995-06-01
United Kingdom,http://landregistry.data.gov.uk/id/region/united-kingdom,K02000001,1995-07,,quarterly,56522,,,,,1995-07-01
United Kingdom,http://landregistry.data.gov.uk/id/region/united-kingdom,K02000001,1995-08,,quarterly,56522,,,,,1995-08-01
United Kingdom,http://landregistry.data.gov.uk/id/region/united-kingdom,K02000001,1995-09,,quarterly,56522,,,,,1995-09-01
United Kingdom,http://landregistry.data.gov.uk/id/region/united-kingdom,K02000001,1995-10,,quarterly,55762,,,,,1995-10-01
United Kingdom,http://landregistry.data.gov.uk/id/region/united-kingdom,K02000001,1995-11,,quarterly,55762,,,,,1995-11-01
United Kingdom,http://landregistry.data.gov.uk/id/region/united-kingdom,K02000001,1995-12,,quarterly,55762,,,,,1995-12-01
United Kingdom,http://landregistry.data.gov.uk/id/region/united-kingdom,K02000001,1996-01,,quarterly,56576,,,,,1996-01-01
United Kingdom,http://landregistry.data.gov.uk/id/region/united-kingdom,K02000001,1996-02,,quarterly,56576,,,,,1996-02-01
United Kingdom,http://landregistry.data.gov.uk/id/region/united-kingdom,K02000001,1996-03,,quarterly,56576,,,,,1996-03-01
United Kingdom,http://landregistry.data.gov.uk/id/region/united-kingdom,K02000001,1996-04,,quarterly,56630,,,,,1996-04-01
United Kingdom,http://landregistry.data.gov.uk/id/region/united-kingdom,K02000001,1996-05,,quarterly,56630,,,,,1996-05-01
United Kingdom,http://landregistry.data.gov.uk/id/region/united-kingdom,K02000001,1996-06,,quarterly,56630,,,,,1996-06-01
United Kingdom,http://landregistry.data.gov.uk/id/region/united-kingdom,K02000001,1996-07,,quarterly,58854,,,,,1996-07-01
United Kingdom,http://landregistry.data.gov.uk/id/region/united-kingdom,K02000001,1996-08,,quarterly,58854,,,,,1996-08-01
United Kingdom,http://landregistry.data.gov.uk/id/region/united-kingdom,K02000001,1996-09,,quarterly,58854,,,,,1996-09-01
United Kingdom,http://landregistry.data.gov.uk/id/region/united-kingdom,K02000001,1996-10,,quarterly,59885,,,,,1996-10-01
United Kingdom,http://landregistry.data.gov.uk/id/region/united-kingdom,K02000001,1996-11,,quarterly,59885,,,,,1996-11-01
United Kingdom,http://landregistry.data.gov.uk/id/region/united-kingdom,K02000001,1996-12,,quarterly,59885,,,,,1996-12-01
United Kingdom,http://landregistry.data.gov.uk/id/region/united-kingdom,K02000001,1997-01,,quarterly,60698,,,,,1997-01-01
United Kingdom,http://landregistry.data.gov.uk/id/region/united-kingdom,K02000001,1997-02,,quarterly,60698,,,,,1997-02-01
United Kingdom,http://landregistry.data.gov.uk/id/region/united-kingdom,K02000001,1997-03,,quarterly,60698,,,,,1997-03-01
United Kingdom,http://landregistry.data.gov.uk/id/region/united-kingdom,K02000001,1997-04,,quarterly,61946,,,,,1997-04-01
United Kingdom,http://landregistry.data.gov.uk/id/region/united-kingdom,K02000001,1997-05,,quarterly,61946,,,,,1997-05-01
United Kingdom,http://landregistry.data.gov.uk/id/region/united-kingdom,K02000001,1997-06,,quarterly,61946,,,,,1997-06-01
United Kingdom,http://landregistry.data.gov.uk/id/region/united-kingdom,K02000001,1997-07,,quarterly,65092,,,,,1997-07-01
United Kingdom,http://landregistry.data.gov.uk/id/region/united-kingdom,K02000001,1997-08,,quarterly,65092,,,,,1997-08-01
United Kingdom,http://landregistry.data.gov.uk/id/region/united-kingdom,K02000001,1997-09,,quarterly,65092,,,,,1997-09-01
United Kingdom,http://landregistry.data.gov.uk/id/region/united-kingdom,K02000001,1997-10,,quarterly,64604,,,,,1997-10-01
United Kingdom,http://landregistry.data.gov.uk/id/region/united-kingdom,K02000001,1997-11,,quarterly,64604,,,,,1997-11-01
United Kingdom,http://landregistry.data.gov.uk/id/region/united-kingdom,K02000001,1997-12,,quarterly,64604,,,,,1997-12-01
United Kingdom,http://landregistry.data.gov.uk/id/region/united-kingdom,K02000001,1998-01,,quarterly,66231,,,,,1998-01-01
United Kingdom,http://landregistry.data.gov.uk/id/region/united-kingdom,K02000001,1998-02,,quarterly,66231,,,,,1998-02-01
United Kingdom,http://landregistry.data.gov.uk/id/region/united-kingdom,K02000001,1998-03,,quarterly,66231,,,,,1998-03-01
United Kingdom,http://landregistry.data.gov.uk/id/region/united-kingdom,K02000001,1998-04,,quarterly,69757,,,,,1998-04-01
United Kingdom,http://landregistry.data.gov.uk/id/region/united-kingdom,K02000001,1998-05,,quarterly,69757,,,,,1998-05-01
United Kingdom,http://landregistry.data.gov.uk/id/region/united-kingdom,K02000001,1998-06,,quarterly,69757,,,,,1998-06-01
United Kingdom,http://landregistry.data.gov.uk/id/region/united-kingdom,K02000001,1998-07,,quarterly,72795,,,,,1998-07-01
United Kingdom,http://landregistry.data.gov.uk/id/region/united-kingdom,K02000001,1998-08,,quarterly,72795,,,,,1998-08-01
United Kingdom,http://landregistry.data.gov.uk/id/region/united-kingdom,K02000001,1998-09,,quarterly,72795,,,,,1998-09-01
United Kingdom,http://landregistry.data.gov.uk/id/region/united-kingdom,K02000001,1998-10,,quarterly,72469,,,,,1998-10-01
United Kingdom,http://landregistry.data.gov.uk/id/region/united-kingdom,K02000001,1998-11,,quarterly,72469,,,,,1998-11-01
United Kingdom,http://landregistry.data.gov.uk/id/region/united-kingdom,K02000001,1998-12,,quarterly,72469,,,,,1998-12-01
United Kingdom,http://landregistry.data.gov.uk/id/region/united-kingdom,K02000001,1999-01,,quarterly,72903,,,,,1999-01-01
United Kingdom,http://landregistry.data.gov.uk/id/region/united-kingdom,K02000001,1999-02,,quarterly,72903,,,,,1999-02-01
United Kingdom,http://landregistry.data.gov.uk/id/region/united-kingdom,K02000001,1999-03,,quarterly,72903,,,,,1999-03-01
United Kingdom,http://landregistry.data.gov.uk/id/region/united-kingdom,K02000001,1999-04,,quarterly,75995,,,,,1999-04-01
United Kingdom,http://landregistry.data.gov.uk/id/region/united-kingdom,K02000001,1999-05,,quarterly,75995,,,,,1999-05-01
United Kingdom,http://landregistry.data.gov.uk/id/region/united-kingdom,K02000001,1999-06,,quarterly,75995,,,,,1999-06-01
United Kingdom,http://landregistry.data.gov.uk/id/region/united-kingdom,K02000001,1999-07,,quarterly,80443,,,,,1999-07-01
United Kingdom,http://landregistry.data.gov.uk/id/region/united-kingdom,K02000001,1999-08,,quarterly,80443,,,,,1999-08-01
United Kingdom,http://landregistry.data.gov.uk/id/region/united-kingdom,K02000001,1999-09,,quarterly,80443,,,,,1999-09-01
United Kingdom,http://landregistry.data.gov.uk/id/region/united-kingdom,K02000001,1999-10,,quarterly,82504,,,,,1999-10-01
United Kingdom,http://landregistry.data.gov.uk/id/region/united-kingdom,K02000001,1999-11,,quarterly,82504,,,,,1999-11-01
United Kingdom,http://landregistry.data.gov.uk/id/region/united-kingdom,K02000001,1999-12,,quarterly,82504,,,,,1999-12-01
United Kingdom,http://landregistry.data.gov.uk/id/region/united-kingdom,K02000001,2000-01,,quarterly,84620,,,,,2000-01-01
United Kingdom,http://landregistry.data.gov.uk/id/region/united-kingdom,K02000001,2000-02,,quarterly,84620,,,,,2000-02-01
United Kingdom,http://landregistry.data.gov.uk/id/region/united-kingdom,K02000001,2000-03,,quarterly,84620,,,,,2000-03-01
United Kingdom,http://landregistry.data.gov.uk/id/region/united-kingdom,K02000001,2000-04,,quarterly,89230,,,,,2000-04-01
United Kingdom,http://landregistry.data.gov.uk/id/region/united-kingdom,K02000001,2000-05,,quarterly,89230,,,,,2000-05-01
United Kingdom,http://landregistry.data.gov.uk/id/region/united-kingdom,K02000001,2000-06,,quarterly,89230,,,,,2000-06-01
United Kingdom,http://landregistry.data.gov.uk/id/region/united-kingdom,K02000001,2000-07,,quarterly,90912,,,,,2000-07-01
United Kingdom,http://landregistry.data.gov.uk/id/region/united-kingdom,K02000001,2000-08,,quarterly,90912,,,,,2000-08-01
United Kingdom,http://landregistry.data.gov.uk/id/region/united-kingdom,K02000001,2000-09,,quarterly,90912,,,,,2000-09-01
United Kingdom,http://landregistry.data.gov.uk/id/region/united-kingdom,K02000001,2000-10,,quarterly,93624,,,,,2000-10-01
United Kingdom,http://landregistry.data.gov.uk/id/region/united-kingdom,K02000001,2000-11,,quarterly,93624,,,,,2000-11-01
United Kingdom,http://landregistry.data.gov.uk/id/region/united-kingdom,K02000001,2000-12,,quarterly,93624,,,,,2000-12-01
United Kingdom,http://landregistry.data.gov.uk/id/region/united-kingdom,K02000001,2001-01,,quarterly,93136,,,,,2001-01-01
United Kingdom,http://landregistry.data.gov.uk/id/region/united-kingdom,K02000001,2001-02,,quarterly,93136,,,,,2001-02-01
United Kingdom,http://landregistry.data.gov.uk/id/region/united-kingdom,K02000001,2001-03,,quarterly,93136,,,,,2001-03-01
United Kingdom,http://landregistry.data.gov.uk/id/region/united-kingdom,K02000001,2001-04,,quarterly,96499,,,,,2001-04-01
United Kingdom,http://landregistry.data.gov.uk/id/region/united-kingdom,K02000001,2001-05,,quarterly,96499,,,,,2001-05-01
United Kingdom,http://landregistry.data.gov.uk/id/region/united-kingdom,K02000001,2001-06,,quarterly,96499,,,,,2001-06-01
United Kingdom,http://landregistry.data.gov.uk/id/region/united-kingdom,K02000001,2001-07,,quarterly,99971,,,,,2001-07-01
United Kingdom,http://landregistry.data.gov.uk/id/region/united-kingdom,K02000001,2001-08,,quarterly,99971,,,,,2001-08-01
United Kingdom,http://landregistry.data.gov.uk/id/region/united-kingdom,K02000001,2001-09,,quarterly,99971,,,,,2001-09-01
United Kingdom,http://landregistry.data.gov.uk/id/region/united-kingdom,K02000001,2001-10,,quarterly,97964,,,,,2001-10-01
United Kingdom,http://landregistry.data.gov.uk/id/region/united-kingdom,K02000001,2001-11,,quarterly,97964,,,,,2001-11-01
United Kingdom,http://landregistry.data.gov.uk/id/region/united-kingdom,K02000001,2001-12,,quarterly,97964,,,,,2001-12-01
United Kingdom,http://landregistry.data.gov.uk/id/region/united-kingdom,K02000001,2002-01,,monthly,97623,,,,,2002-01-01
United Kingdom,http://landregistry.data.gov.uk/id/region/united-kingdom,K02000001,2002-02,,monthly,101164,,,,,2002-02-01
United Kingdom,http://landregistry.data.gov.uk/id/region/united-kingdom,K02000001,2002-03,,monthly,104705,,,,,2002-03-01
United Kingdom,http://landregistry.data.gov.uk/id/region/united-kingdom,K02000001,2002-04,,monthly,106121,,,,,2002-04-01
United Kingdom,http://landregistry.data.gov.uk/id/region/united-kingdom,K02000001,2002-05,,monthly,108852,,,,,2002-05-01
United Kingdom,http://landregistry.data.gov.uk/id/region/united-kingdom,K02000001,2002-06,,monthly,113304,,,,,2002-06-01
United Kingdom,http://landregistry.data.gov.uk/id/region/united-kingdom,K02000001,2002-07,,monthly,114214,,,,,2002-07-01
United Kingdom,http://landregistry.data.gov.uk/id/region/united-kingdom,K02000001,2002-08,,monthly,116743,,,,,2002-08-01
United Kingdom,http://landregistry.data.gov.uk/id/region/united-kingdom,K02000001,2002-09,,monthly,119576,,,,,2002-09-01
United Kingdom,http://landregistry.data.gov.uk/id/region/united-kingdom,K02000001,2002-10,,monthly,120486,,,,,2002-10-01
United Kingdom,http://landregistry.data.gov.uk/id/region/united-kingdom,K02000001,2002-11,,monthly,121700,,,,,2002-11-01
United Kingdom,http://landregistry.data.gov.uk/id/region/united-kingdom,K02000001,2002-12,,monthly,125747,,,,,2002-12-01
United Kingdom,http://landregistry.data.gov.uk/id/region/united-kingdom,K02000001,2003-01,,monthly,124836,,,,,2003-01-01
United Kingdom,http://landregistry.data.gov.uk/id/region/united-kingdom,K02000001,2003-02,,monthly,123521,,,,,2003-02-01
United Kingdom,http://landregistry.data.gov.uk/id/region/united-kingdom,K02000001,2003-03,,monthly,126152,,,,,2003-03-01
United Kingdom,http://landregistry.data.gov.uk/id/region/united-kingdom,K02000001,2003-04,,monthly,129186,,,,,2003-04-01
United Kingdom,http://landregistry.data.gov.uk/id/region/united-kingdom,K02000001,2003-05,,monthly,128276,,,,,2003-05-01
United Kingdom,http://landregistry.data.gov.uk/id/region/united-kingdom,K02000001,2003-06,,monthly,128579,,,,,2003-06-01
United Kingdom,http://landregistry.data.gov.uk/id/region/united-kingdom,K02000001,2003-07,,monthly,130805,,,,,2003-07-01
United Kingdom,http://landregistry.data.gov.uk/id/region/united-kingdom,K02000001,2003-08,,monthly,133132,,,,,2003-08-01
United Kingdom,http://landregistry.data.gov.uk/id/region/united-kingdom,K02000001,2003-09,,monthly,132727,,,,,2003-09-01
United Kingdom,http://landregistry.data.gov.uk/id/region/united-kingdom,K02000001,2003-10,,monthly,135054,,,,,2003-10-01
United Kingdom,http://landregistry.data.gov.uk/id/region/united-kingdom,K02000001,2003-11,,monthly,133536,,,,,2003-11-01
United Kingdom,http://landregistry.data.gov.uk/id/region/united-kingdom,K02000001,2003-12,,monthly,136167,,,,,2003-12-01
United Kingdom,http://landregistry.data.gov.uk/id/region/united-kingdom,K02000001,2004-01,,monthly,136976,,,,,2004-01-01
United Kingdom,http://landregistry.data.gov.uk/id/region/united-kingdom,K02000001,2004-02,,monthly,135661,,,,,2004-02-01
United Kingdom,http://landregistry.data.gov.uk/id/region/united-kingdom,K02000001,2004-03,,monthly,135964,,,,,2004-03-01
United Kingdom,http://landregistry.data.gov.uk/id/region/united-kingdom,K02000001,2004-04,,monthly,142135,,,,,2004-04-01
United Kingdom,http://landregistry.data.gov.uk/id/region/united-kingdom,K02000001,2004-05,,monthly,143855,,,,,2004-05-01
United Kingdom,http://landregistry.data.gov.uk/id/region/united-kingdom,K02000001,2004-06,,monthly,146384,,,,,2004-06-01
United Kingdom,http://landregistry.data.gov.uk/id/region/united-kingdom,K02000001,2004-07,,monthly,149520,,,,,2004-07-01
United Kingdom,http://landregistry.data.gov.uk/id/region/united-kingdom,K02000001,2004-08,,monthly,151240,,,,,2004-08-01
United Kingdom,http://landregistry.data.gov.uk/id/region/united-kingdom,K02000001,2004-09,,monthly,150937,,,,,2004-09-01
United Kingdom,http://landregistry.data.gov.uk/id/region/united-kingdom,K02000001,2004-10,,monthly,152050,,,,,2004-10-01
United Kingdom,http://landregistry.data.gov.uk/id/region/united-kingdom,K02000001,2004-11,,monthly,151847,,,,,2004-11-01
United Kingdom,http://landregistry.data.gov.uk/id/region/united-kingdom,K02000001,2004-12,,monthly,150734,,,,,2004-12-01
United Kingdom,http://landregistry.data.gov.uk/id/region/united-kingdom,K02000001,2005-01,65834,monthly,150633,236191,145913,119750,127018,2005-01-01
United Kingdom,http://landregistry.data.gov.uk/id/region/united-kingdom,K02000001,2005-02,67225,monthly,150488,234509,146578,119434,127046,2005-02-01
United Kingdom,http://landregistry.data.gov.uk/id/region/united-kingdom,K02000001,2005-03,81297,monthly,151723,235038,147324,120943,128372,2005-03-01
United Kingdom,http://landregistry.data.gov.uk/id/region/united-kingdom,K02000001,2005-04,97185,monthly,153880,236330,149615,122906,130545,2005-04-01
United Kingdom,http://landregistry.data.gov.uk/id/region/united-kingdom,K02000001,2005-05,97786,monthly,155533,240601,150580,124215,131826,2005-05-01
United Kingdom,http://landregistry.data.gov.uk/id/region/united-kingdom,K02000001,2005-06,111974,monthly,156767,239089,151657,126133,133124,2005-06-01
United Kingdom,http://landregistry.data.gov.uk/id/region/united-kingdom,K02000001,2005-07,117771,monthly,158786,244141,154293,127393,133758,2005-07-01
United Kingdom,http://landregistry.data.gov.uk/id/region/united-kingdom,K02000001,2005-08,114613,monthly,159431,246629,153880,128019,134530,2005-08-01
United Kingdom,http://landregistry.data.gov.uk/id/region/united-kingdom,K02000001,2005-09,117124,monthly,159183,244951,153647,128512,133820,2005-09-01
United Kingdom,http://landregistry.data.gov.uk/id/region/united-kingdom,K02000001,2005-10,108303,monthly,158865,244596,153722,127976,133529,2005-10-01
United Kingdom,http://landregistry.data.gov.uk/id/region/united-kingdom,K02000001,2005-11,111610,monthly,159337,244936,154068,128414,134133,2005-11-01
United Kingdom,http://landregistry.data.gov.uk/id/region/united-kingdom,K02000001,2005-12,122222,monthly,160209,242343,153914,129718,136871,2005-12-01
United Kingdom,http://landregistry.data.gov.uk/id/region/united-kingdom,K02000001,2006-01,88382,monthly,159970,244844,154122,129002,135909,2006-01-01
United Kingdom,http://landregistry.data.gov.uk/id/region/united-kingdom,K02000001,2006-02,90058,monthly,160231,243243,154159,129318,137211,2006-02-01
United Kingdom,http://landregistry.data.gov.uk/id/region/united-kingdom,K02000001,2006-03,118864,monthly,161531,245956,155563,130386,137740,2006-03-01
United Kingdom,http://landregistry.data.gov.uk/id/region/united-kingdom,K02000001,2006-04,110370,monthly,165042,249485,159151,133945,140314,2006-04-01
United Kingdom,http://landregistry.data.gov.uk/id/region/united-kingdom,K02000001,2006-05,121888,monthly,166606,252502,160241,134568,142780,2006-05-01
United Kingdom,http://landregistry.data.gov.uk/id/region/united-kingdom,K02000001,2006-06,146253,monthly,168184,252748,161638,136637,144114,2006-06-01
United Kingdom,http://landregistry.data.gov.uk/id/region/united-kingdom,K02000001,2006-07,134426,monthly,170604,258352,163934,139157,144386,2006-07-01
United Kingdom,http://landregistry.data.gov.uk/id/region/united-kingdom,K02000001,2006-08,141486,monthly,172037,261682,165273,139870,145759,2006-08-01
United Kingdom,http://landregistry.data.gov.uk/id/region/united-kingdom,K02000001,2006-09,137213,monthly,172738,262324,165909,140269,146869,2006-09-01
United Kingdom,http://landregistry.data.gov.uk/id/region/united-kingdom,K02000001,2006-10,133356,monthly,173750,263693,166832,141278,147609,2006-10-01
United Kingdom,http://landregistry.data.gov.uk/id/region/united-kingdom,K02000001,2006-11,135279,monthly,174644,265290,168046,142103,147708,2006-11-01
United Kingdom,http://landregistry.data.gov.uk/id/region/united-kingdom,K02000001,2006-12,142000,monthly,176819,264999,169329,144505,151264,2006-12-01
United Kingdom,http://landregistry.data.gov.uk/id/region/united-kingdom,K02000001,2007-01,101538,monthly,176758,268186,169496,144185,150639,2007-01-01
United Kingdom,http://landregistry.data.gov.uk/id/region/united-kingdom,K02000001,2007-02,99013,monthly,177261,267642,169788,144010,152704,2007-02-01
United Kingdom,http://landregistry.data.gov.uk/id/region/united-kingdom,K02000001,2007-03,123076,monthly,178636,269178,170921,146113,152908,2007-03-01
United Kingdom,http://landregistry.data.gov.uk/id/region/united-kingdom,K02000001,2007-04,112054,monthly,182243,273582,174013,149342,156410,2007-04-01
United Kingdom,http://landregistry.data.gov.uk/id/region/united-kingdom,K02000001,2007-05,125934,monthly,184330,275810,175564,150441,159937,2007-05-01
United Kingdom,http://landregistry.data.gov.uk/id/region/united-kingdom,K02000001,2007-06,145599,monthly,186348,279156,177260,152369,161353,2007-06-01
United Kingdom,http://landregistry.data.gov.uk/id/region/united-kingdom,K02000001,2007-07,134755,monthly,188691,285684,179325,153994,162554,2007-07-01
United Kingdom,http://landregistry.data.gov.uk/id/region/united-kingdom,K02000001,2007-08,144901,monthly,189786,287929,180401,155100,162878,2007-08-01
United Kingdom,http://landregistry.data.gov.uk/id/region/united-kingdom,K02000001,2007-09,114685,monthly,190032,288381,180270,154741,164251,2007-09-01
United Kingdom,http://landregistry.data.gov.uk/id/region/united-kingdom,K02000001,2007-10,119246,monthly,189589,288223,179621,154398,163837,2007-10-01
United Kingdom,http://landregistry.data.gov.uk/id/region/united-kingdom,K02000001,2007-11,118226,monthly,189489,288470,179951,153793,163900,2007-11-01
United Kingdom,http://landregistry.data.gov.uk/id/region/united-kingdom,K02000001,2007-12,95060,monthly,189193,285242,179364,154082,164472,2007-12-01
United Kingdom,http://landregistry.data.gov.uk/id/region/united-kingdom,K02000001,2008-01,67660,monthly,185782,280201,175565,150959,164580,2008-01-01
United Kingdom,http://landregistry.data.gov.uk/id/region/united-kingdom,K02000001,2008-02,71682,monthly,184185,277037,174660,149627,162953,2008-02-01
United Kingdom,http://landregistry.data.gov.uk/id/region/united-kingdom,K02000001,2008-03,69246,monthly,182845,273984,173965,149155,160801,2008-03-01
United Kingdom,http://landregistry.data.gov.uk/id/region/united-kingdom,K02000001,2008-04,74444,monthly,183148,275418,173450,149733,160963,2008-04-01
United Kingdom,http://landregistry.data.gov.uk/id/region/united-kingdom,K02000001,2008-05,77830,monthly,184267,275513,175160,150198,162696,2008-05-01
United Kingdom,http://landregistry.data.gov.uk/id/region/united-kingdom,K02000001,2008-06,70467,monthly,181831,271990,172913,148590,159875,2008-06-01
United Kingdom,http://landregistry.data.gov.uk/id/region/united-kingdom,K02000001,2008-07,62373,monthly,179845,270883,170845,146400,158188,2008-07-01
United Kingdom,http://landregistry.data.gov.uk/id/region/united-kingdom,K02000001,2008-08,57673,monthly,176092,266384,167166,143180,154671,2008-08-01
United Kingdom,http://landregistry.data.gov.uk/id/region/united-kingdom,K02000001,2008-09,49483,monthly,171660,262199,162201,139195,150878,2008-09-01
United Kingdom,http://landregistry.data.gov.uk/id/region/united-kingdom,K02000001,2008-10,53405,monthly,168177,255567,159515,136263,147979,2008-10-01
United Kingdom,http://landregistry.data.gov.uk/id/region/united-kingdom,K02000001,2008-11,43044,monthly,163447,247586,155709,132512,143378,2008-11-01
United Kingdom,http://landregistry.data.gov.uk/id/region/united-kingdom,K02000001,2008-12,46373,monthly,160954,242938,152977,131693,140291,2008-12-01
United Kingdom,http://landregistry.data.gov.uk/id/region/united-kingdom,K02000001,2009-01,31422,monthly,157234,241206,148741,126924,137752,2009-01-01
United Kingdom,http://landregistry.data.gov.uk/id/region/united-kingdom,K02000001,2009-02,31888,monthly,155417,235417,147888,125694,136740,2009-02-01
United Kingdom,http://landregistry.data.gov.uk/id/region/united-kingdom,K02000001,2009-03,41978,monthly,154452,234530,146108,125065,136442,2009-03-01
United Kingdom,http://landregistry.data.gov.uk/id/region/united-kingdom,K02000001,2009-04,45378,monthly,155852,235300,148495,126884,136051,2009-04-01
United Kingdom,http://landregistry.data.gov.uk/id/region/united-kingdom,K02000001,2009-05,52300,monthly,158004,238699,150402,128432,138356,2009-05-01
United Kingdom,http://landregistry.data.gov.uk/id/region/united-kingdom,K02000001,2009-06,60728,monthly,159561,241957,151480,130003,139122,2009-06-01
United Kingdom,http://landregistry.data.gov.uk/id/region/united-kingdom,K02000001,2009-07,71336,monthly,162423,246960,154547,132514,140355,2009-07-01
United Kingdom,http://landregistry.data.gov.uk/id/region/united-kingdom,K02000001,2009-08,65968,monthly,164025,249979,156307,133758,141096,2009-08-01
United Kingdom,http://landregistry.data.gov.uk/id/region/united-kingdom,K02000001,2009-09,66256,monthly,165314,251604,156912,134809,143313,2009-09-01
United Kingdom,http://landregistry.data.gov.uk/id/region/united-kingdom,K02000001,2009-10,74416,monthly,166425,253836,158867,135658,142741,2009-10-01
United Kingdom,http://landregistry.data.gov.uk/id/region/united-kingdom,K02000001,2009-11,69160,monthly,166986,255675,158605,136505,142999,2009-11-01
United Kingdom,http://landregistry.data.gov.uk/id/region/united-kingdom,K02000001,2009-12,87202,monthly,168082,252946,160655,138433,144066,2009-12-01
United Kingdom,http://landregistry.data.gov.uk/id/region/united-kingdom,K02000001,2010-01,41085,monthly,167469,258979,159457,136261,142338,2010-01-01
United Kingdom,http://landregistry.data.gov.uk/id/region/united-kingdom,K02000001,2010-02,47348,monthly,167888,258258,160617,136752,142407,2010-02-01
United Kingdom,http://landregistry.data.gov.uk/id/region/united-kingdom,K02000001,2010-03,58047,monthly,167878,258191,159678,136425,144189,2010-03-01
United Kingdom,http://landregistry.data.gov.uk/id/region/united-kingdom,K02000001,2010-04,59555,monthly,170028,260075,162470,138535,145456,2010-04-01
United Kingdom,http://landregistry.data.gov.uk/id/region/united-kingdom,K02000001,2010-05,59095,monthly,170846,262619,162702,139143,146061,2010-05-01
United Kingdom,http://landregistry.data.gov.uk/id/region/united-kingdom,K02000001,2010-06,70937,monthly,171689,262311,163595,140462,146799,2010-06-01
United Kingdom,http://landregistry.data.gov.uk/id/region/united-kingdom,K02000001,2010-07,76003,monthly,173427,268336,165086,141211,147180,2010-07-01
United Kingdom,http://landregistry.data.gov.uk/id/region/united-kingdom,K02000001,2010-08,69123,monthly,173417,268707,166058,140523,146679,2010-08-01
United Kingdom,http://landregistry.data.gov.uk/id/region/united-kingdom,K02000001,2010-09,64886,monthly,172972,268248,164443,140678,146900,2010-09-01
United Kingdom,http://landregistry.data.gov.uk/id/region/united-kingdom,K02000001,2010-10,66726,monthly,171045,265285,163224,138675,145117,2010-10-01
United Kingdom,http://landregistry.data.gov.uk/id/region/united-kingdom,K02000001,2010-11,63565,monthly,169013,263487,161335,136245,143631,2010-11-01
United Kingdom,http://landregistry.data.gov.uk/id/region/united-kingdom,K02000001,2010-12,63541,monthly,168703,260339,160988,136909,143845,2010-12-01
United Kingdom,http://landregistry.data.gov.uk/id/region/united-kingdom,K02000001,2011-01,42399,monthly,167300,260855,158765,134970,143346,2011-01-01
United Kingdom,http://landregistry.data.gov.uk/id/region/united-kingdom,K02000001,2011-02,44207,monthly,166415,259042,157919,134337,142769,2011-02-01
United Kingdom,http://landregistry.data.gov.uk/id/region/united-kingdom,K02000001,2011-03,52889,monthly,165649,258129,156617,133724,142713,2011-03-01
United Kingdom,http://landregistry.data.gov.uk/id/region/united-kingdom,K02000001,2011-04,57449,monthly,168218,259704,159154,136375,145543,2011-04-01
United Kingdom,http://landregistry.data.gov.uk/id/region/united-kingdom,K02000001,2011-05,55691,monthly,167470,257725,159241,135373,145040,2011-05-01
United Kingdom,http://landregistry.data.gov.uk/id/region/united-kingdom,K02000001,2011-06,65290,monthly,167753,257002,159732,136039,145077,2011-06-01
United Kingdom,http://landregistry.data.gov.uk/id/region/united-kingdom,K02000001,2011-07,70316,monthly,169866,261398,160876,137528,147675,2011-07-01
United Kingdom,http://landregistry.data.gov.uk/id/region/united-kingdom,K02000001,2011-08,72144,monthly,169968,263565,162048,137455,145046,2011-08-01
United Kingdom,http://landregistry.data.gov.uk/id/region/united-kingdom,K02000001,2011-09,71811,monthly,169544,263033,160864,137333,145316,2011-09-01
United Kingdom,http://landregistry.data.gov.uk/id/region/united-kingdom,K02000001,2011-10,65175,monthly,167673,261050,159782,135106,143274,2011-10-01
United Kingdom,http://landregistry.data.gov.uk/id/region/united-kingdom,K02000001,2011-11,67798,monthly,167757,259857,159722,134893,144974,2011-11-01
United Kingdom,http://landregistry.data.gov.uk/id/region/united-kingdom,K02000001,2011-12,70770,monthly,167048,256911,159321,135042,144095,2011-12-01
United Kingdom,http://landregistry.data.gov.uk/id/region/united-kingdom,K02000001,2012-01,49493,monthly,165908,256484,158399,133953,142151,2012-01-01
United Kingdom,http://landregistry.data.gov.uk/id/region/united-kingdom,K02000001,2012-02,50099,monthly,165457,255828,157793,134143,141034,2012-02-01
United Kingdom,http://landregistry.data.gov.uk/id/region/united-kingdom,K02000001,2012-03,69452,monthly,165947,252632,158344,135297,142999,2012-03-01
United Kingdom,http://landregistry.data.gov.uk/id/region/united-kingdom,K02000001,2012-04,50094,monthly,167854,258688,159306,135656,145481,2012-04-01
United Kingdom,http://landregistry.data.gov.uk/id/region/united-kingdom,K02000001,2012-05,59800,monthly,168395,258344,159939,136422,146107,2012-05-01
United Kingdom,http://landregistry.data.gov.uk/id/region/united-kingdom,K02000001,2012-06,68568,monthly,170049,258978,161026,139132,147312,2012-06-01
United Kingdom,http://landregistry.data.gov.uk/id/region/united-kingdom,K02000001,2012-07,66631,monthly,170701,262303,161716,138737,147598,2012-07-01
United Kingdom,http://landregistry.data.gov.uk/id/region/united-kingdom,K02000001,2012-08,73921,monthly,170902,261806,162361,139531,146690,2012-08-01
United Kingdom,http://landregistry.data.gov.uk/id/region/united-kingdom,K02000001,2012-09,60043,monthly,170295,261237,161318,138796,146935,2012-09-01
United Kingdom,http://landregistry.data.gov.uk/id/region/united-kingdom,K02000001,2012-10,66842,monthly,169090,259000,160378,137277,146820,2012-10-01
United Kingdom,http://landregistry.data.gov.uk/id/region/united-kingdom,K02000001,2012-11,72293,monthly,169227,259437,160799,137882,145538,2012-11-01
United Kingdom,http://landregistry.data.gov.uk/id/region/united-kingdom,K02000001,2012-12,63795,monthly,168843,258319,159967,137659,146086,2012-12-01
United Kingdom,http://landregistry.data.gov.uk/id/region/united-kingdom,K02000001,2013-01,49129,monthly,167716,257092,159796,135862,145176,2013-01-01
United Kingdom,http://landregistry.data.gov.uk/id/region/united-kingdom,K02000001,2013-02,50648,monthly,167682,256804,159123,136339,145327,2013-02-01
United Kingdom,http://landregistry.data.gov.uk/id/region/united-kingdom,K02000001,2013-03,62193,monthly,168681,259167,159789,136899,146369,2013-03-01
United Kingdom,http://landregistry.data.gov.uk/id/region/united-kingdom,K02000001,2013-04,58521,monthly,170335,260450,161107,138400,148799,2013-04-01
United Kingdom,http://landregistry.data.gov.uk/id/region/united-kingdom,K02000001,2013-05,75384,monthly,171234,260496,162195,139303,149967,2013-05-01
United Kingdom,http://landregistry.data.gov.uk/id/region/united-kingdom,K02000001,2013-06,75229,monthly,172655,262270,163344,141073,150741,2013-06-01
United Kingdom,http://landregistry.data.gov.uk/id/region/united-kingdom,K02000001,2013-07,82886,monthly,174592,265844,164829,142178,153218,2013-07-01
United Kingdom,http://landregistry.data.gov.uk/id/region/united-kingdom,K02000001,2013-08,89695,monthly,175982,267844,166652,143387,153718,2013-08-01
United Kingdom,http://landregistry.data.gov.uk/id/region/united-kingdom,K02000001,2013-09,79217,monthly,176098,269322,165787,143200,154614,2013-09-01
United Kingdom,http://landregistry.data.gov.uk/id/region/united-kingdom,K02000001,2013-10,88422,monthly,175378,269006,165631,141771,154123,2013-10-01
United Kingdom,http://landregistry.data.gov.uk/id/region/united-kingdom,K02000001,2013-11,95708,monthly,176352,268579,166891,142982,155243,2013-11-01
United Kingdom,http://landregistry.data.gov.uk/id/region/united-kingdom,K02000001,2013-12,90540,monthly,177971,268317,168160,144659,158479,2013-12-01
United Kingdom,http://landregistry.data.gov.uk/id/region/united-kingdom,K02000001,2014-01,75540,monthly,178182,270720,167392,144370,159722,2014-01-01
United Kingdom,http://landregistry.data.gov.uk/id/region/united-kingdom,K02000001,2014-02,74421,monthly,178921,271506,168438,145024,160105,2014-02-01
United Kingdom,http://landregistry.data.gov.uk/id/region/united-kingdom,K02000001,2014-03,78289,monthly,179537,270650,169111,145778,161382,2014-03-01
United Kingdom,http://landregistry.data.gov.uk/id/region/united-kingdom,K02000001,2014-04,82048,monthly,183532,276553,172427,149407,164991,2014-04-01
United Kingdom,http://landregistry.data.gov.uk/id/region/united-kingdom,K02000001,2014-05,90739,monthly,185476,278160,174092,151064,167752,2014-05-01
United Kingdom,http://landregistry.data.gov.uk/id/region/united-kingdom,K02000001,2014-06,93994,monthly,187077,280105,175845,152236,169426,2014-06-01
United Kingdom,http://landregistry.data.gov.uk/id/region/united-kingdom,K02000001,2014-07,97288,monthly,189709,284928,177787,154639,171422,2014-07-01
United Kingdom,http://landregistry.data.gov.uk/id/region/united-kingdom,K02000001,2014-08,101680,monthly,191932,288373,179963,156321,173448,2014-08-01
United Kingdom,http://landregistry.data.gov.uk/id/region/united-kingdom,K02000001,2014-09,90912,monthly,192138,288877,179689,156380,174245,2014-09-01
United Kingdom,http://landregistry.data.gov.uk/id/region/united-kingdom,K02000001,2014-10,100184,monthly,191855,289113,179798,155607,173923,2014-10-01
United Kingdom,http://landregistry.data.gov.uk/id/region/united-kingdom,K02000001,2014-11,86142,monthly,191209,288437,179485,154937,173004,2014-11-01
United Kingdom,http://landregistry.data.gov.uk/id/region/united-kingdom,K02000001,2014-12,88917,monthly,191669,288610,179502,155463,174054,2014-12-01
United Kingdom,http://landregistry.data.gov.uk/id/region/united-kingdom,K02000001,2015-01,66819,monthly,190665,287731,178781,154466,172120,2015-01-01
United Kingdom,http://landregistry.data.gov.uk/id/region/united-kingdom,K02000001,2015-02,67070,monthly,190827,288206,178681,154721,172211,2015-02-01
United Kingdom,http://landregistry.data.gov.uk/id/region/united-kingdom,K02000001,2015-03,77669,monthly,191537,291244,179440,154398,172814,2015-03-01
United Kingdom,http://landregistry.data.gov.uk/id/region/united-kingdom,K02000001,2015-04,75240,monthly,193225,290900,181200,157103,173968,2015-04-01
United Kingdom,http://landregistry.data.gov.uk/id/region/united-kingdom,K02000001,2015-05,86144,monthly,195313,292765,183485,158540,176820,2015-05-01
United Kingdom,http://landregistry.data.gov.uk/id/region/united-kingdom,K02000001,2015-06,96979,monthly,196802,295273,185011,160538,176467,2015-06-01
United Kingdom,http://landregistry.data.gov.uk/id/region/united-kingdom,K02000001,2015-07,106216,monthly,200142,300451,187831,162773,180567,2015-07-01
United Kingdom,http://landregistry.data.gov.uk/id/region/united-kingdom,K02000001,2015-08,96533,monthly,201973,304063,189427,164257,181747,2015-08-01
United Kingdom,http://landregistry.data.gov.uk/id/region/united-kingdom,K02000001,2015-09,94554,monthly,202389,306359,189114,164097,182638,2015-09-01
United Kingdom,http://landregistry.data.gov.uk/id/region/united-kingdom,K02000001,2015-10,104451,monthly,202664,305629,190131,164702,182108,2015-10-01
United Kingdom,http://landregistry.data.gov.uk/id/region/united-kingdom,K02000001,2015-11,93854,monthly,204223,308059,191457,165658,184151,2015-11-01
United Kingdom,http://landregistry.data.gov.uk/id/region/united-kingdom,K02000001,2015-12,94397,monthly,204920,309668,191954,166244,184535,2015-12-01
United Kingdom,http://landregistry.data.gov.uk/id/region/united-kingdom,K02000001,2016-01,70959,monthly,205464,308888,193058,166316,186070,2016-01-01
United Kingdom,http://landregistry.data.gov.uk/id/region/united-kingdom,K02000001,2016-02,75907,monthly,205555,310064,191992,166710,186328,2016-02-01
United Kingdom,http://landregistry.data.gov.uk/id/region/united-kingdom,K02000001,2016-03,138124,monthly,207667,315018,192668,167748,189784,2016-03-01
United Kingdom,http://landregistry.data.gov.uk/id/region/united-kingdom,K02000001,2016-04,63854,monthly,208443,311664,195838,170071,187786,2016-04-01
United Kingdom,http://landregistry.data.gov.uk/id/region/united-kingdom,K02000001,2016-05,72174,monthly,210872,312710,197445,172087,192744,2016-05-01
United Kingdom,http://landregistry.data.gov.uk/id/region/united-kingdom,K02000001,2016-06,88475,monthly,212887,319683,199148,173343,192478,2016-06-01
United Kingdom,http://landregistry.data.gov.uk/id/region/united-kingdom,K02000001,2016-07,93197,monthly,215127,321284,201502,175506,194913,2016-07-01
United Kingdom,http://landregistry.data.gov.uk/id/region/united-kingdom,K02000001,2016-08,94407,monthly,215145,322479,201565,175221,194503,2016-08-01
United Kingdom,http://landregistry.data.gov.uk/id/region/united-kingdom,K02000001,2016-09,91720,monthly,214816,323250,201442,174173,194350,2016-09-01
United Kingdom,http://landregistry.data.gov.uk/id/region/united-kingdom,K02000001,2016-10,85296,monthly,214107,323441,200703,172619,194540,2016-10-01
United Kingdom,http://landregistry.data.gov.uk/id/region/united-kingdom,K02000001,2016-11,88926,monthly,215113,326020,201403,173104,195545,2016-11-01
United Kingdom,http://landregistry.data.gov.uk/id/region/united-kingdom,K02000001,2016-12,94685,monthly,215500,325270,201622,174168,195784,2016-12-01
United Kingdom,http://landregistry.data.gov.uk/id/region/united-kingdom,K02000001,2017-01,68663,monthly,215243,325619,201371,173379,196013,2017-01-01
United Kingdom,http://landregistry.data.gov.uk/id/region/united-kingdom,K02000001,2017-02,71432,monthly,215697,325218,201056,173744,198126,2017-02-01
United Kingdom,http://landregistry.data.gov.uk/id/region/united-kingdom,K02000001,2017-03,89388,monthly,215236,325874,201311,173148,196252,2017-03-01
United Kingdom,http://landregistry.data.gov.uk/id/region/united-kingdom,K02000001,2017-04,75980,monthly,218642,329988,204170,176204,199988,2017-04-01
United Kingdom,http://landregistry.data.gov.uk/id/region/united-kingdom,K02000001,2017-05,83671,monthly,219954,328946,206214,177040,202657,2017-05-01
United Kingdom,http://landregistry.data.gov.uk/id/region/united-kingdom,K02000001,2017-06,101940,monthly,221833,332404,207393,179414,203274,2017-06-01
United Kingdom,http://landregistry.data.gov.uk/id/region/united-kingdom,K02000001,2017-07,92257,monthly,224719,336938,210202,181323,206314,2017-07-01
United Kingdom,http://landregistry.data.gov.uk/id/region/united-kingdom,K02000001,2017-08,98938,monthly,225738,338448,211006,183039,206014,2017-08-01
United Kingdom,http://landregistry.data.gov.uk/id/region/united-kingdom,K02000001,2017-09,94287,monthly,224895,339644,210544,181852,203916,2017-09-01
United Kingdom,http://landregistry.data.gov.uk/id/region/united-kingdom,K02000001,2017-10,92827,monthly,225092,340120,211681,181620,203418,2017-10-01
United Kingdom,http://landregistry.data.gov.uk/id/region/united-kingdom,K02000001,2017-11,92234,monthly,224453,338270,210962,181145,203535,2017-11-01
United Kingdom,http://landregistry.data.gov.uk/id/region/united-kingdom,K02000001,2017-12,91613,monthly,225330,339309,212011,182532,203174,2017-12-01
United Kingdom,http://landregistry.data.gov.uk/id/region/united-kingdom,K02000001,2018-01,68243,monthly,224544,339693,211153,180114,204664,2018-01-01
United Kingdom,http://landregistry.data.gov.uk/id/region/united-kingdom,K02000001,2018-02,69000,monthly,225131,341648,211191,180931,204539,2018-02-01
United Kingdom,http://landregistry.data.gov.uk/id/region/united-kingdom,K02000001,2018-03,81851,monthly,223772,339364,210734,180601,201236,2018-03-01
United Kingdom,http://landregistry.data.gov.uk/id/region/united-kingdom,K02000001,2018-04,71864,monthly,225910,340713,212988,182903,203360,2018-04-01
United Kingdom,http://landregistry.data.gov.uk/id/region/united-kingdom,K02000001,2018-05,81587,monthly,226834,342550,213842,183523,204081,2018-05-01
United Kingdom,http://landregistry.data.gov.uk/id/region/united-kingdom,K02000001,2018-06,96021,monthly,228355,343977,215937,184302,205940,2018-06-01
United Kingdom,http://landregistry.data.gov.uk/id/region/united-kingdom,K02000001,2018-07,89224,monthly,231187,350350,217959,186849,207383,2018-07-01
United Kingdom,http://landregistry.data.gov.uk/id/region/united-kingdom,K02000001,2018-08,102001,monthly,231898,350964,218970,187871,207243,2018-08-01
United Kingdom,http://landregistry.data.gov.uk/id/region/united-kingdom,K02000001,2018-09,83602,monthly,231454,351794,218879,187079,206000,2018-09-01
United Kingdom,http://landregistry.data.gov.uk/id/region/united-kingdom,K02000001,2018-10,92636,monthly,231211,351859,218698,186499,205987,2018-10-01
United Kingdom,http://landregistry.data.gov.uk/id/region/united-kingdom,K02000001,2018-11,99027,monthly,230224,350089,217983,186139,204365,2018-11-01
United Kingdom,http://landregistry.data.gov.uk/id/region/united-kingdom,K02000001,2018-12,83837,monthly,229729,347744,217796,185429,205194,2018-12-01
United Kingdom,http://landregistry.data.gov.uk/id/region/united-kingdom,K02000001,2019-01,65597,monthly,228314,349197,216342,183361,202876,2019-01-01
United Kingdom,http://landregistry.data.gov.uk/id/region/united-kingdom,K02000001,2019-02,67756,monthly,227738,347442,215763,183453,202169,2019-02-01
United Kingdom,http://landregistry.data.gov.uk/id/region/united-kingdom,K02000001,2019-03,78955,monthly,227104,345433,215930,183158,201004,2019-03-01
United Kingdom,http://landregistry.data.gov.uk/id/region/united-kingdom,K02000001,2019-04,73561,monthly,228749,346829,217063,185385,202435,2019-04-01
United Kingdom,http://landregistry.data.gov.uk/id/region/united-kingdom,K02000001,2019-05,82426,monthly,229061,346711,217808,186135,201761,2019-05-01
United Kingdom,http://landregistry.data.gov.uk/id/region/united-kingdom,K02000001,2019-06,84287,monthly,230049,347564,218676,186272,204271,2019-06-01
United Kingdom,http://landregistry.data.gov.uk/id/region/united-kingdom,K02000001,2019-07,89176,monthly,232618,352091,220307,188616,206741,2019-07-01
United Kingdom,http://landregistry.data.gov.uk/id/region/united-kingdom,K02000001,2019-08,95774,monthly,233366,354368,221347,190139,204645,2019-08-01
United Kingdom,http://landregistry.data.gov.uk/id/region/united-kingdom,K02000001,2019-09,84025,monthly,233536,353533,220738,189845,207337,2019-09-01
United Kingdom,http://landregistry.data.gov.uk/id/region/united-kingdom,K02000001,2019-10,90625,monthly,232919,353056,222425,188568,204632,2019-10-01
United Kingdom,http://landregistry.data.gov.uk/id/region/united-kingdom,K02000001,2019-11,93439,monthly,232096,353238,221613,188208,202398,2019-11-01
United Kingdom,http://landregistry.data.gov.uk/id/region/united-kingdom,K02000001,2019-12,84958,monthly,231792,351118,220545,188460,203611,2019-12-01
United Kingdom,http://landregistry.data.gov.uk/id/region/united-kingdom,K02000001,2020-01,68585,monthly,231940,352477,221106,187760,203628,2020-01-01
United Kingdom,http://landregistry.data.gov.uk/id/region/united-kingdom,K02000001,2020-02,67463,monthly,230609,351042,219734,187607,200659,2020-02-01
United Kingdom,http://landregistry.data.gov.uk/id/region/united-kingdom,K02000001,2020-03,69201,monthly,232684,353711,221427,188734,204144,2020-03-01
United Kingdom,http://landregistry.data.gov.uk/id/region/united-kingdom,K02000001,2020-04,28356,monthly,230318,352980,219183,187217,199179,2020-04-01
United Kingdom,http://landregistry.data.gov.uk/id/region/united-kingdom,K02000001,2020-05,36380,monthly,231508,351884,221063,187513,202515,2020-05-01
United Kingdom,http://landregistry.data.gov.uk/id/region/united-kingdom,K02000001,2020-06,53436,monthly,234703,354822,224209,191724,204095,2020-06-01
United Kingdom,http://landregistry.data.gov.uk/id/region/united-kingdom,K02000001,2020-07,63981,monthly,236687,359580,225782,192521,206198,2020-07-01
United Kingdom,http://landregistry.data.gov.uk/id/region/united-kingdom,K02000001,2020-08,67744,monthly,238998,364046,228834,194722,205788,2020-08-01
United Kingdom,http://landregistry.data.gov.uk/id/region/united-kingdom,K02000001,2020-09,78108,monthly,241541,368665,230230,196787,208846,2020-09-01
United Kingdom,http://landregistry.data.gov.uk/id/region/united-kingdom,K02000001,2020-10,97907,monthly,243575,372931,232383,198997,208547,2020-10-01
United Kingdom,http://landregistry.data.gov.uk/id/region/united-kingdom,K02000001,2020-11,96254,monthly,246065,376013,234462,201321,211188,2020-11-01
United Kingdom,http://landregistry.data.gov.uk/id/region/united-kingdom,K02000001,2020-12,104608,monthly,247983,379431,236485,203387,211424,2020-12-01
United Kingdom,http://landregistry.data.gov.uk/id/region/united-kingdom,K02000001,2021-01,84529,monthly,248109,373886,236517,203286,216443,2021-01-01
United Kingdom,http://landregistry.data.gov.uk/id/region/united-kingdom,K02000001,2021-02,103927,monthly,248858,374630,237092,204751,216202,2021-02-01
United Kingdom,http://landregistry.data.gov.uk/id/region/united-kingdom,K02000001,2021-03,148614,monthly,252435,378569,239713,207901,221357,2021-03-01
United Kingdom,http://landregistry.data.gov.uk/id/region/united-kingdom,K02000001,2021-04,96275,monthly,248683,375474,236472,204673,215671,2021-04-01
United Kingdom,http://landregistry.data.gov.uk/id/region/united-kingdom,K02000001,2021-05,86685,monthly,250409,378250,238295,206078,216784,2021-05-01
United Kingdom,http://landregistry.data.gov.uk/id/region/united-kingdom,K02000001,2021-06,183411,monthly,263686,394798,250181,219955,227472,2021-06-01
United Kingdom,http://landregistry.data.gov.uk/id/region/united-kingdom,K02000001,2021-07,69945,monthly,251364,379649,239700,205546,219137,2021-07-01
United Kingdom,http://landregistry.data.gov.uk/id/region/united-kingdom,K02000001,2021-08,88810,monthly,258936,393263,247252,212333,222438,2021-08-01
United Kingdom,http://landregistry.data.gov.uk/id/region/united-kingdom,K02000001,2021-09,142595,monthly,266506,401919,254356,220906,227596,2021-09-01
United Kingdom,http://landregistry.data.gov.uk/id/region/united-kingdom,K02000001,2021-10,71101,monthly,259819,401374,247713,211351,221012,2021-10-01
United Kingdom,http://landregistry.data.gov.uk/id/region/united-kingdom,K02000001,2021-11,84453,monthly,264996,406984,253278,215967,225778,2021-11-01
United Kingdom,http://landregistry.data.gov.uk/id/region/united-kingdom,K02000001,2021-12,91649,monthly,266331,407429,253973,219269,225430,2021-12-01
United Kingdom,http://landregistry.data.gov.uk/id/region/united-kingdom,K02000001,2022-01,69432,monthly,269653,413793,258422,220833,227270,2022-01-01
United Kingdom,http://landregistry.data.gov.uk/id/region/united-kingdom,K02000001,2022-02,77320,monthly,269816,412839,258624,220946,228435,2022-02-01
United Kingdom,http://landregistry.data.gov.uk/id/region/united-kingdom,K02000001,2022-03,88177,monthly,270859,416095,260256,222127,226394,2022-03-01
United Kingdom,http://landregistry.data.gov.uk/id/region/united-kingdom,K02000001,2022-04,81011,monthly,274032,419862,262428,225928,229206,2022-04-01
United Kingdom,http://landregistry.data.gov.uk/id/region/united-kingdom,K02000001,2022-05,80833,monthly,277281,424263,266737,228526,230841,2022-05-01
United Kingdom,http://landregistry.data.gov.uk/id/region/united-kingdom,K02000001,2022-06,83249,monthly,280508,427858,269117,231640,234969,2022-06-01
United Kingdom,http://landregistry.data.gov.uk/id/region/united-kingdom,K02000001,2022-07,89282,monthly,285869,436164,275272,236579,237036,2022-07-01
United Kingdom,http://landregistry.data.gov.uk/id/region/united-kingdom,K02000001,2022-08,91039,monthly,288259,441156,277489,238768,237625,2022-08-01
United Kingdom,http://landregistry.data.gov.uk/id/region/united-kingdom,K02000001,2022-09,90133,monthly,289164,442808,278672,239598,237569,2022-09-01
United Kingdom,http://landregistry.data.gov.uk/id/region/united-kingdom,K02000001,2022-10,84950,monthly,289013,443966,279346,239010,235886,2022-10-01
United Kingdom,http://landregistry.data.gov.uk/id/region/united-kingdom,K02000001,2022-11,84933,monthly,288749,443740,278940,239108,235208,2022-11-01
United Kingdom,http://landregistry.data.gov.uk/id/region/united-kingdom,K02000001,2022-12,75625,monthly,286844,439548,277933,237820,233094,2022-12-01
United Kingdom,http://landregistry.data.gov.uk/id/region/united-kingdom,K02000001,2023-01,55045,monthly,283664,436376,274196,233533,232679,2023-01-01
United Kingdom,http://landregistry.data.gov.uk/id/region/united-kingdom,K02000001,2023-02,54050,monthly,281474,434694,272313,231717,229629,2023-02-01
United Kingdom,http://landregistry.data.gov.uk/id/region/united-kingdom,K02000001,2023-03,62698,monthly,278292,431220,270224,227360,227557,2023-03-01
United Kingdom,http://landregistry.data.gov.uk/id/region/united-kingdom,K02000001,2023-04,47204,monthly,278911,430406,270350,228188,229192,2023-04-01
United Kingdom,http://landregistry.data.gov.uk/id/region/united-kingdom,K02000001,2023-05,51232,monthly,279653,428125,270206,229445,231910,2023-05-01
United Kingdom,http://landregistry.data.gov.uk/id/region/united-kingdom,K02000001,2023-06,61468,monthly,281328,431676,271978,232014,230803,2023-06-01
United Kingdom,http://landregistry.data.gov.uk/id/region/united-kingdom,K02000001,2023-07,58800,monthly,283908,435804,275517,234395,231282,2023-07-01
United Kingdom,http://landregistry.data.gov.uk/id/region/united-kingdom,K02000001,2023-08,64954,monthly,286933,442436,277797,236893,233298,2023-08-01
United Kingdom,http://landregistry.data.gov.uk/id/region/united-kingdom,K02000001,2023-09,61752,monthly,284886,438695,275816,235426,231664,2023-09-01
United Kingdom,http://landregistry.data.gov.uk/id/region/united-kingdom,K02000001,2023-10,57247,monthly,284609,438590,276708,234442,231020,2023-10-01
United Kingdom,http://landregistry.data.gov.uk/id/region/united-kingdom,K02000001,2023-11,42654,monthly,284617,442369,276718,232814,231126,2023-11-01
United Kingdom,http://landregistry.data.gov.uk/id/region/united-kingdom,K02000001,2023-12,,monthly,280649,432709,274128,229523,228620,2023-12-01
United Kingdom,http://landregistry.data.gov.uk/id/region/united-kingdom,K02000001,2024-01,,monthly,281913,438088,274203,230628,228811,2024-01-01
